06,13,22,25,36,60,vagabas/eu
01,07,35,47,55,56,vagabas/eu
07,25,26,36,38,42,vagabas/eu
04,24,32,33,47,56,vagabas/eu
08,12,24,26,37,41,vagabas/eu
08,23,39,42,44,59,vagabas/eu
09,26,38,44,50,52,vagabas/eu
03,13,18,26,45,48,vagabas/eu
06,15,26,31,33,39,vagabas/eu
01,03,35,37,44,60,vagabas/eu
10,15,17,21,31,33,vagabas/eu
04,05,12,22,24,51,vagabas/eu
01,17,25,33,40,51,vagabas/eu
04,08,12,31,43,48,vagabas/eu
20,22,29,32,36,58,vagabas/eu
04,06,11,20,47,54,bolao-familia
05,10,11,20,54,56,bolao-familia
19,30,39,40,41,46,bolao-familia
09,14,42,52,55,58,bolao-familia
09,25,44,52,53,58,bolao-familia
04,06,09,47,52,58,bolao-familia
27,29,33,43,59,60,bolao-familia
16,28,29,33,57,60,bolao-familia
25,29,33,44,53,60,bolao-familia
04,06,29,33,47,60,bolao-familia
05,10,29,33,56,60,bolao-familia
14,29,33,42,55,60,bolao-familia
11,19,20,40,41,54,bolao-familia
11,20,30,39,46,54,bolao-familia
11,20,29,33,54,60,bolao-familia
02,18,25,36,44,53,bolao-familia
02,04,06,18,36,47,bolao-familia
02,05,10,18,36,56,bolao-familia
02,18,27,36,43,59,bolao-familia
02,16,18,28,36,57,bolao-familia
02,14,18,36,42,55,bolao-familia
02,18,29,33,36,60,bolao-familia
02,15,18,22,26,36,bolao-familia
01,02,18,21,35,36,bolao-familia
02,11,18,20,36,54,bolao-familia
02,18,19,36,40,41,bolao-familia
02,18,30,36,39,46,bolao-familia
03,12,24,25,44,53,bolao-familia
03,04,06,12,24,47,bolao-familia
03,05,10,12,24,56,bolao-familia
03,12,24,27,43,59,bolao-familia
03,12,16,24,28,57,bolao-familia
03,12,14,24,42,55,bolao-familia
03,12,24,29,33,60,bolao-familia
03,12,15,22,24,26,bolao-familia
01,03,12,21,24,35,bolao-familia
03,11,12,20,24,54,bolao-familia
03,12,19,24,40,41,bolao-familia
03,12,24,30,39,46,bolao-familia
04,06,08,37,45,47,bolao-familia
05,08,10,37,45,56,bolao-familia
02,03,12,18,24,36,bolao-familia
08,16,28,37,45,57,bolao-familia
08,14,37,42,45,55,bolao-familia
08,25,37,44,45,53,bolao-familia
08,30,37,39,45,46,bolao-familia
08,29,33,37,45,60,bolao-familia
08,15,22,26,37,45,bolao-familia
17,19,32,34,40,41,bolao-familia
17,30,32,34,39,46,bolao-familia
17,29,32,33,34,60,bolao-familia
19,29,33,40,41,60,bolao-familia
15,19,22,26,40,41,bolao-familia
01,19,21,35,40,41,bolao-familia
11,13,20,31,48,54,bolao-familia
13,19,31,40,41,48,bolao-familia
13,30,31,39,46,48,bolao-familia
03,12,17,24,32,34,bolao-familia
02,17,18,32,34,36,bolao-familia
11,17,20,32,34,54,bolao-familia
01,13,21,31,35,48,bolao-familia
13,27,31,43,48,59,bolao-familia
13,16,28,31,48,57,bolao-familia
19,27,40,41,43,59,bolao-familia
16,19,28,40,41,57,bolao-familia
14,19,40,41,42,55,bolao-familia
19,25,40,41,44,53,bolao-familia
04,06,19,40,41,47,bolao-familia
05,10,19,40,41,56,bolao-familia
29,30,33,39,46,60,bolao-familia
15,22,26,30,39,46,bolao-familia
01,21,30,35,39,46,bolao-familia
27,30,39,43,46,59,bolao-familia
16,28,30,39,46,57,bolao-familia
14,30,39,42,46,55,bolao-familia
25,30,39,44,46,53,bolao-familia
04,06,30,39,46,47,bolao-familia
05,10,30,39,46,56,bolao-familia
11,15,20,22,26,54,bolao-familia
01,11,20,21,35,54,bolao-familia
11,20,27,43,54,59,bolao-familia
11,16,20,28,54,57,bolao-familia
11,14,20,42,54,55,bolao-familia
11,20,25,44,53,54,bolao-familia
07,30,38,39,46,50,bolao-familia
07,29,33,38,50,60,bolao-familia
07,15,22,26,38,50,bolao-familia
02,07,18,36,38,50,bolao-familia
07,11,20,38,50,54,bolao-familia
07,19,38,40,41,50,bolao-familia
07,23,38,49,50,51,bolao-familia
07,08,37,38,45,50,bolao-familia
03,07,12,24,38,50,bolao-familia
07,09,38,50,52,58,bolao-familia
07,13,31,38,48,50,bolao-familia
07,17,32,34,38,50,bolao-familia
01,09,21,35,52,58,bolao-familia
09,27,43,52,58,59,bolao-familia
09,16,28,52,57,58,bolao-familia
07,14,38,42,50,55,bolao-familia
07,25,38,44,50,53,bolao-familia
04,06,07,38,47,50,bolao-familia
01,07,21,35,38,50,bolao-familia
07,27,38,43,50,59,bolao-familia
07,16,28,38,50,57,bolao-familia
05,07,10,38,50,56,bolao-familia
09,13,31,48,52,58,bolao-familia
09,17,32,34,52,58,bolao-familia
05,10,13,31,48,56,bolao-familia
17,23,32,34,49,51,bolao-familia
08,17,32,34,37,45,bolao-familia
13,14,31,42,48,55,bolao-familia
13,25,31,44,48,53,bolao-familia
04,06,13,31,47,48,bolao-familia
09,38,39,46,52,58,bolao-familia
09,29,33,52,58,60,bolao-familia
09,15,22,26,52,58,bolao-familia
13,29,31,33,48,60,bolao-familia
13,15,22,26,31,48,bolao-familia
01,13,21,31,35,48,bolao-familia
14,15,22,26,42,55,bolao-familia
15,22,25,26,44,53,bolao-familia
04,06,15,22,26,47,bolao-familia
05,10,15,22,26,56,bolao-familia
01,21,27,35,43,59,bolao-familia
01,16,21,28,35,57,bolao-familia
01,14,21,35,42,55,bolao-familia
01,21,25,35,44,53,bolao-familia
01,04,06,21,35,47,bolao-familia
01,04,06,21,35,47,bolao-familia
01,05,10,21,35,56,bolao-familia
16,27,28,43,57,59,bolao-familia
14,27,42,43,55,59,bolao-familia
25,27,43,44,53,59,bolao-familia
04,06,27,43,47,59,bolao-familia
05,10,27,43,56,59,bolao-familia
14,16,28,42,55,57,bolao-familia
16,25,28,44,53,57,bolao-familia
04,06,16,28,47,57,bolao-familia
05,10,16,28,56,57,bolao-familia
14,25,42,44,53,55,bolao-familia
04,06,14,42,47,51,bolao-familia
05,10,14,42,55,56,bolao-familia
04,06,25,44,47,53,bolao-familia
09,23,49,51,52,58,bolao-familia
08,09,37,45,52,58,bolao-familia
03,09,12,24,52,58,bolao-familia
08,13,31,37,45,48,bolao-familia
03,12,13,24,31,48,bolao-familia
02,13,18,31,36,48,bolao-familia
05,09,10,52,56,58,bolao-familia
13,17,31,32,34,48,bolao-familia
13,23,31,48,49,51,bolao-familia
02,09,18,36,52,58,bolao-familia
09,11,20,52,54,58,bolao-familia
09,19,40,41,52,58,bolao-familia
15,22,26,29,33,60,bolao-familia
01,21,29,33,35,60,bolao-familia
08,27,37,43,45,59,bolao-familia
15,17,22,26,32,34,bolao-familia
01,17,21,32,34,35,bolao-familia
17,27,32,34,43,59,bolao-familia
16,17,28,32,34,57,bolao-familia
14,17,32,34,42,55,bolao-familia
17,25,32,34,44,58,bolao-familia
03,12,23,24,49,51,bolao-familia
02,18,23,36,49,51,bolao-familia
11,20,23,49,51,54,bolao-familia
19,23,40,41,49,51,bolao-familia
23,30,39,46,49,51,bolao-familia
23,29,33,49,51,60,bolao-familia
04,06,17,32,34,47,bolao-familia
05,10,17,32,34,56,bolao-familia
08,23,37,45,49,51,bolao-familia
15,22,23,26,49,51,bolao-familia
01,21,23,35,49,51,bolao-familia
23,27,43,49,51,59,bolao-familia
16,23,28,49,51,57,bolao-familia
14,23,42,49,51,55,bolao-familia
23,25,44,49,51,53,bolao-familia
05,10,25,44,53,56,bolao-familia
04,05,06,10,47,56,bolao-familia
01,08,21,35,37,45,bolao-familia
04,06,23,47,49,51,bolao-familia
05,10,23,49,51,56,bolao-familia
03,08,12,24,37,45,bolao-familia
02,08,18,36,37,45,bolao-familia
08,11,20,37,45,54,bolao-familia
08,19,37,40,41,45,bolao-familia
01,15,21,22,26,35,bolao-familia
15,22,26,27,43,59,bolao-familia
15,16,22,26,28,57,bolao-familia